ubigeo,departamento,provincia,distrito,DQ1_bad_total_pop,DQ4_density_broken,DQ3_education_outlier,DQ2_pobreza_idh_outlier,total_pop_raw,pob_densidad_2020,recomputed_density_raw,recomputed_density_fixed,density_ratio_csv_over_2017,pct_superior_cualquiera,pct_pobreza_total,idh_2019,pobreza_idh_resid_z
010101,AMAZONAS,CHACHAPOYAS,CHACHAPOYAS,False,False,True,False,32589.0,201.437117960723,211.91962543893874,211.91962543893874,0.9505354567492093,36.22,9.034625,0.642360593890392,-0.2914612953762692
010108,AMAZONAS,CHACHAPOYAS,HUANCAS,False,True,False,False,1258.0,10.801393728223,25.78397212543554,25.78397212543554,0.418918918918919,10.17,31.977312,0.414755647270218,-0.15809968022966203
010201,AMAZONAS,BAGUA,BAGUA,False,False,True,False,27102.0,181.621299423803,179.49533081661036,179.49533081661036,1.0118441443435915,26.47,16.212835,0.5840630337731318,-0.13319284671677914
010501,AMAZONAS,LUYA,LAMUD,False,False,True,False,2227.0,31.9758238595481,32.04777665851202,32.04777665851202,0.9977548271216871,26.22,30.951386,0.485915285368237,0.38624809745131367
020101,ANCASH,HUARAZ,HUARAZ,False,False,True,False,60896.0,166.839880828657,140.64066144714658,140.64066144714658,1.1862848134524466,36.13,10.242455,0.6030793015789169,-0.5307907173080008
020105,ANCASH,HUARAZ,INDEPENDENCIA,False,False,True,False,76088.0,221.073042717597,221.86324537104534,221.86324537104534,0.9964383345599818,32.81,11.537697,0.584997707639346,-0.5704765191218716
021301,ANCASH,MARISCAL LUZURIAGA,PISCOBAMBA,False,False,True,False,3024.0,68.669714783366,65.8393207054213,65.8393207054213,1.0429894179894181,25.36,31.635651,0.4482516464400019,0.11160103025781896
021801,ANCASH,SANTA,CHIMBOTE,False,False,True,False,206213.0,169.818124589446,141.10261112327566,141.10261112327566,1.2035080232575055,26.7,15.745519,0.613828089761083,0.0908594565839314
021809,ANCASH,SANTA,NUEVO CHIMBOTE,False,False,True,False,159321.0,396.045980550638,408.7983988915403,408.7983988915403,0.9688051167140562,32.89,9.905873,0.6459598096056909,-0.17591827015229078
021901,ANCASH,SIHUAS,SIHUAS,False,False,True,False,5411.0,127.779045879936,123.51061401506504,123.51061401506504,1.034559231195712,29.5,27.851744,0.528514394401842,0.4751565152756324
030101,APURIMAC,ABANCAY,ABANCAY,False,False,True,False,69028.0,226.083623470789,220.487430925991,220.487430925991,1.0253810048096412,39.26,19.900498,0.6003753883715999,0.3655872492541283
030109,APURIMAC,ABANCAY,TAMBURCO,False,False,True,False,10861.0,177.326007326007,198.91941391941393,198.91941391941393,0.8914464598103288,35.66,19.734357,0.563719350968849,0.018956948321354326
030201,APURIMAC,ANDAHUAYLAS,ANDAHUAYLAS,False,False,True,False,42268.0,259.63471368675,242.76606742863706,242.76606742863706,1.0694851897416495,26.56,25.891636,0.51278881325191,0.14637322032538228
030401,APURIMAC,AYMARAES,CHALHUANCA,False,False,True,False,4928.0,12.7287956815785,15.288205000930695,15.288205000930695,0.8325892857142885,27.49,23.417227,0.5076215453766209,-0.13616236745892768
030506,APURIMAC,COTABAMBAS,CHALLHUAHUACHO,False,False,True,False,14525.0,28.4162196563324,33.01436494226748,33.01436494226748,0.8607228915662654,27.01,39.009247,0.499163551389036,1.2740232682832902
030712,APURIMAC,GRAU,VILCABAMBA,False,False,True,False,1233.0,141.530740276035,154.70514429109159,154.70514429109159,0.9148418491484177,38.55,30.130696,0.4265243541762179,-0.22794941756967171
040115,AREQUIPA,AREQUIPA,QUEQUEÑA,False,True,False,False,4784.0,60.1774978528485,136.95963355281992,136.95963355281992,0.4393812709030096,23.95,11.49163,0.603548562720571,-0.40746216451010464
050101,AYACUCHO,HUAMANGA,AYACUCHO,False,False,True,False,99427.0,1353.11033569967,1196.330164841776,1196.330164841776,1.1310509217818054,35.8,15.054646,0.550625263307005,-0.5453608005953992
050104,AYACUCHO,HUAMANGA,CARMEN ALTO,False,False,True,False,28252.0,1613.12785388128,1612.5570776255709,1612.5570776255709,1.0003539572419662,25.34,26.660474,0.530512143156053,0.3796112558129504
050110,AYACUCHO,HUAMANGA,SAN JUAN BAUTISTA,False,False,True,False,49034.0,3525.60895325872,3228.0447662936144,3228.0447662936144,1.092180935677284,34.51,18.759879,0.5434028420964149,-0.2572877136253493
050115,AYACUCHO,HUAMANGA,JESUS NAZARENO,False,False,True,False,18492.0,1292.80397022332,1147.1464019851117,1147.1464019851117,1.1269738265195717,35.77,16.283852,0.57624731718604,-0.19695267560335966
050116,AYACUCHO,HUAMANGA,ANDRES AVELINO CACERES DORREGARAY,False,False,True,False,28472.0,1976.61637931034,3068.1034482758623,3068.1034482758623,0.6442469794886188,27.73,13.243211,0.4899437684165859,-1.2656602509280854
050601,AYACUCHO,LUCANAS,PUQUIO,False,False,True,False,13919.0,16.9511674341839,16.06477153376499,16.06477153376499,1.0551763776133312,27.84,34.786636,0.4950731249259909,0.8345351987563822
050614,AYACUCHO,LUCANAS,SAISA,False,True,False,False,791.0,0.67133583874274,1.3512128459173216,1.3512128459173216,0.4968394437420986,19.34,50.023129,0.5329271301685689,2.6287535039057306
050701,AYACUCHO,PARINACOCHAS,CORACORA,False,False,True,False,13124.0,8.72367640648559,9.37823797171665,9.37823797171665,0.9302042060347455,25.38,37.181469,0.435592689132404,0.5260915322248993
050703,AYACUCHO,PARINACOCHAS,CORONEL CASTAÑEDA,False,False,False,True,1722.0,0.933179307606224,1.5540955200173279,1.5540955200173279,0.6004645760743325,24.75,55.840313,0.513623210304806,3.0091501486820458
050801,AYACUCHO,PAUCAR DEL SARA SARA,PAUSA,False,False,True,False,3231.0,11.1417744460005,13.30834500370706,13.30834500370706,0.8372021046115757,25.51,23.525361,0.519541519943789,-0.01828506871906474
051001,AYACUCHO,VICTOR FAJARDO,HUANCAPI,False,False,True,False,1887.0,9.13364674278039,8.44862323707186,8.44862323707186,1.0810810810810811,26.63,32.611348,0.50695959906762,0.7344132809341636
060101,CAJAMARCA,CAJAMARCA,CAJAMARCA,False,False,True,False,218741.0,644.312065632022,571.5132988451691,571.5132988451691,1.127378955019864,32.31,19.74874,0.607017527674158,0.4110588172325075
060202,CAJAMARCA,CAJABAMBA,CACHACHI,False,False,False,True,23524.0,32.6774771262533,28.65949488919482,28.65949488919482,1.140197245366433,4.91,76.856871,0.2948350537014909,3.038442780588099
060602,CAJAMARCA,CUTERVO,CALLAYUC,False,False,False,True,9361.0,32.1214997626958,29.618731213415597,29.618731213415597,1.0844995192821287,4.86,75.643123,0.3376083017713409,3.308720036130949
060604,CAJAMARCA,CUTERVO,CUJILLO,False,False,False,True,2330.0,26.7603047828881,21.389883411365094,21.389883411365094,1.251072961373391,4.45,76.62892,0.311970210839353,3.17134116138322
060801,CAJAMARCA,JAEN,JAEN,False,False,True,False,94153.0,217.658445788739,175.24988366682177,175.24988366682177,1.2419891028432448,25.81,21.682199,0.580323994682938,0.3545036477546662
080101,CUSCO,CUSCO,CUSCO,False,False,True,False,114630.0,1176.20030975736,986.3190500774393,986.3190500774393,1.192515048416648,41.99,8.214426,0.6590839276578129,-0.21874302755699038
080104,CUSCO,CUSCO,SAN JERONIMO,False,False,True,False,57075.0,498.79040061931494,552.3030772208244,552.3030772208244,0.9031099430573808,35.06,11.983353,0.6549025615332809,0.10284555268367776
080105,CUSCO,CUSCO,SAN SEBASTIAN,False,False,True,False,112536.0,1116.71511627907,1258.2289803220035,1258.2289803220035,0.8875293239496695,39.99,7.710494,0.680629279615715,-0.0723577250196611
080106,CUSCO,CUSCO,SANTIAGO,False,False,True,False,94756.0,1618.53126792886,1359.0935169248423,1359.0935169248423,1.1908902866309268,33.1,8.301604,0.634895493929792,-0.4287124765248523
080108,CUSCO,CUSCO,WANCHAQ,False,False,True,False,58541.0,13399.5297805643,9175.705329153605,9175.705329153605,1.4603269503424992,59.18,1.376287,0.7389014524656409,-0.15038970907226892
080303,CUSCO,ANTA,CACHIMAYO,False,False,True,False,2382.0,63.6321626617375,55.036968576709796,55.036968576709796,1.1561712846347603,25.42,10.934872,0.550183952624744,-0.9421143109304911
080601,CUSCO,CANCHIS,SICUANI,False,False,True,False,57827.0,102.721867839227,89.5321112280919,89.5321112280919,1.1473187265464218,27.39,23.505524,0.526564382492377,0.04319930030548219
080901,CUSCO,LA CONVENCION,SANTA ANA,False,False,True,False,27999.0,115.673344462994,77.90484140233724,77.90484140233724,1.484803028679597,28.53,8.292162,0.5803892132127199,-0.9214872496555008
081301,CUSCO,URUBAMBA,URUBAMBA,False,False,True,False,20082.0,200.576863111943,156.54817586529467,156.54817586529467,1.2812468877601857,27.62,21.066471,0.596122551108486,0.4383704142575853
081304,CUSCO,URUBAMBA,MACHUPICCHU,False,False,True,False,5347.0,33.1196581196581,19.698644267609787,19.698644267609787,1.6813166261455008,40.71,23.51616,0.729356965896056,1.874250475154514
081307,CUSCO,URUBAMBA,YUCAY,False,False,True,False,3223.0,46.8896131500638,45.670964999291485,45.670964999291485,1.0266832143965257,36.35,14.017021,0.6467436323237579,0.2231037454470898
090101,HUANCAVELICA,HUANCAVELICA,HUANCAVELICA,False,False,True,False,39776.0,85.5378331063995,77.37016144718926,77.37016144718926,1.1055661705551083,41.48,17.073401,0.611557767984601,0.1969692833264719
090118,HUANCAVELICA,HUANCAVELICA,ASCENSION,False,False,True,False,15566.0,30.4946326115121,36.01240051823061,36.01240051823061,0.8467814467429005,29.81,16.825292,0.5870282334318049,-0.04804391588331059
090309,HUANCAVELICA,ANGARAES,JULCAMARCA,False,False,True,False,1736.0,25.591442090104895,35.71281629294384,35.71281629294384,0.7165898617511514,28.02,28.39438,0.509657386733044,0.3567212828254812
090310,HUANCAVELICA,ANGARAES,SAN ANTONIO DE ANTAPARCO,False,True,False,False,2323.0,31.3584679832436,69.50927588270497,69.50927588270497,0.45114076625053856,16.53,40.63401,0.288567436529704,-0.4715327125373154
090701,HUANCAVELICA,TAYACAJA,PAMPAS,False,False,True,False,10061.0,97.2219675437792,92.24351334005685,92.24351334005685,1.0539707782526584,25.22,28.008037,0.497812639134856,0.21299895434669017
100101,HUANUCO,HUANUCO,HUANUCO,False,False,True,False,89502.0,787.871345955795,709.0390556919908,709.0390556919908,1.1111818730307703,32.92,13.066336,0.589321451013701,-0.38572087675167027
100102,HUANUCO,HUANUCO,AMARILIS,False,False,True,False,81461.0,684.948359659781,618.6284933171324,618.6284933171324,1.107204674629577,34.41,13.903566,0.6180444460983139,-0.04669950490479717
100111,HUANUCO,HUANUCO,PILLCO MARCA,False,False,True,False,43818.0,463.59483096201507,571.9618848714267,571.9618848714267,0.8105344835455742,33.63,10.613421,0.621616493035908,-0.3281405706519014
100301,HUANUCO,DOS DE MAYO,LA UNION,False,False,True,False,6634.0,36.3734290843806,39.70077797725913,39.70077797725913,0.9161893277057578,27.58,27.127487,0.512274425019252,0.2595548586422243
100601,HUANUCO,LEONCIO PRADO,RUPA-RUPA,False,False,True,False,53066.0,245.272399819901,199.1070088548702,199.1070088548702,1.231862209324238,27.71,13.55109,0.5818337288935849,-0.4070759629036684
110101,ICA,ICA,ICA,False,False,True,False,150280.0,209.91087424367,169.32766954738537,169.32766954738537,1.2396726111258956,44.34,2.165357,0.6637216310803389,-0.7535977309800534
110102,ICA,ICA,LA TINGUIÑA,False,False,True,False,39574.0,411.063656701241,402.42017490339634,402.42017490339634,1.0214787486733725,31.94,2.993514,0.633445285770717,-0.9478621403358074
110103,ICA,ICA,LOS AQUIJES,False,False,True,False,21963.0,206.302243730752,241.56401231852178,241.56401231852178,0.8540272276100702,27.31,6.411604,0.6321366370204369,-0.6337977363370816
110106,ICA,ICA,PARCONA,False,False,True,False,54047.0,3127.1995399655,3107.9355951696375,3107.9355951696375,1.0061983088793096,32.03,3.132139,0.616344289610642,-1.088968409067244
110107,ICA,ICA,PUEBLO NUEVO,False,False,True,False,6395.0,185.054347826087,193.08574879227055,193.08574879227055,0.9584050039093043,31.64,0.70023014,0.601739176186834,-1.4526209531433218
110110,ICA,ICA,SAN JUAN BAUTISTA,False,False,True,False,13846.0,295.073891625616,524.6684350132626,524.6684350132626,0.5624006933410375,33.54,2.880511,0.655051228213615,-0.763659666500752
110112,ICA,ICA,SUBTANJALLA,False,False,True,False,27387.0,144.615146672166,141.19193689745836,141.19193689745836,1.0242450797823799,34.36,4.354553,0.6350781586942639,-0.8033680523462514
110113,ICA,ICA,TATE,False,False,True,False,4709.0,790.24045261669,666.053748231966,666.053748231966,1.186451475897218,26.54,4.290589,0.615176513188463,-0.9890623217014707
110201,ICA,CHINCHA,CHINCHA ALTA,False,False,True,False,66349.0,368.012083578082,278.3796257447344,278.3796257447344,1.3219792310358869,31.83,2.640704,0.60557296550782,-1.2330232305043831
110203,ICA,CHINCHA,CHAVIN,False,False,True,False,2071.0,8.22676396743083,4.859563085153812,4.859563085153812,1.6929019797199407,50.73,30.081301,0.6024965065604079,1.3553460733303446
110207,ICA,CHINCHA,PUEBLO NUEVO,False,False,True,False,62604.0,284.273096204345,298.8971114824541,298.8971114824541,0.9510734138393722,26.75,3.22399,0.5924704634222309,-1.2956532678650683
110209,ICA,CHINCHA,SAN PEDRO DE HUACARPANA,False,False,False,True,992.0,6.9139132389301,4.459429085187683,4.459429085187683,1.5504032258064522,10.96,10.64054,0.3006858802813069,-3.221691324751201
110210,ICA,CHINCHA,SUNAMPE,False,False,True,False,29079.0,1658.94988066826,1735.0238663484486,1735.0238663484486,0.9561539255132584,26.32,3.379569,0.5987683993460379,-1.2239869567272792
110301,ICA,NAZCA,NAZCA,False,False,True,False,27632.0,27.0688760231583,22.06588141345578,22.06588141345578,1.226729878401852,31.36,3.023548,0.598885276783068,-1.256874566067441
110304,ICA,NAZCA,MARCONA,False,False,True,False,15981.0,9.60822422258592,8.1735883797054,8.1735883797054,1.1755209311056876,34.91,2.243134,0.677142549878397,-0.6250698143634106
110401,ICA,PALPA,PALPA,False,False,True,False,7748.0,61.8827997829626,52.55018990775909,52.55018990775909,1.177594217862675,27.08,5.117471,0.6181901975175669,-0.8830330042310941
110501,ICA,PISCO,PISCO,False,False,True,False,67467.0,3037.78501628665,2747.0276872964173,2747.0276872964173,1.105844338713743,30.87,3.123501,0.587612825136968,-1.3490699003223372
110505,ICA,PISCO,PARACAS,False,False,True,False,7147.0,4.9612676056338,5.033098591549296,5.033098591549296,0.9857282775989921,27.41,4.926614,0.6292184793170689,-0.8017077092740967
110506,ICA,PISCO,SAN ANDRES,False,False,True,False,13767.0,461.34347275031706,348.97338403041823,348.97338403041823,1.3220018885741271,25.08,2.730565,0.525712143712986,-1.9451346441023676
110508,ICA,PISCO,TUPAC AMARU INCA,False,False,True,False,17775.0,315.284787310743,320.3857245854362,320.3857245854362,0.9840787623066116,26.24,3.670807,0.569669482058589,-1.458814828823851
120101,JUNIN,HUANCAYO,HUANCAYO,False,False,True,False,119993.0,626.09555882972,505.1273416122921,505.1273416122921,1.2394806363704547,41.23,6.563487,0.608341387537581,-0.8340501734147346
120107,JUNIN,HUANCAYO,CHILCA,False,False,True,False,91851.0,12801.2048192771,11066.385542168673,11066.385542168673,1.156764760318341,29.64,13.03173,0.5505646674026339,-0.7387684088345134
120114,JUNIN,HUANCAYO,EL TAMBO,False,False,True,False,166359.0,2546.61500815661,2261.541598694943,2261.541598694943,1.1260526932717811,42.28,5.108393,0.634962044759109,-0.7325462824180803
120125,JUNIN,HUANCAYO,PILCOMAYO,False,False,True,False,20055.0,1070.56491575818,993.8057482656095,993.8057482656095,1.077237596609328,31.53,17.07232,0.5708576062141179,-0.17041944007497123
120129,JUNIN,HUANCAYO,SAN AGUSTIN,False,False,True,False,15281.0,691.035080121265,661.801645734084,661.801645734084,1.044172501799621,28.46,25.97536,0.54889411639587,0.4801761226072118
120130,JUNIN,HUANCAYO,SAN JERONIMO DE TUNAN,False,False,True,False,11601.0,632.920438303954,552.6917579799905,552.6917579799905,1.1451599000086194,29.68,22.34907,0.5461790591051489,0.10995169034004613
120201,JUNIN,CONCEPCION,CONCEPCION,False,False,True,False,15428.0,969.382176052488,843.521049753964,843.521049753964,1.1492092299714807,31.8,18.66913,0.559003713454002,-0.12515444155504393
120208,JUNIN,CONCEPCION,MANZANARES,False,False,True,False,1478.0,84.8396501457726,71.8172983479106,71.8172983479106,1.1813261163734776,25.73,22.96238,0.466590537335386,-0.5497978538733116
120209,JUNIN,CONCEPCION,MARISCAL CASTILLA,False,False,False,True,1394.0,2.7747902774790294,1.8740589374058936,1.8740589374058936,1.4806312769010053,4.73,22.96238,0.15313161098589,-3.3785082221945633
120301,JUNIN,CHANCHAMAYO,CHANCHAMAYO,False,False,True,False,27790.0,37.728874005132,30.215717827164788,30.215717827164788,1.248650593738755,25.79,15.38681,0.587430624814192,-0.18155466984595117
120401,JUNIN,JAUJA,JAUJA,False,False,True,False,17908.0,1772.57425742574,1773.069306930693,1773.069306930693,0.9997207951753392,33.75,13.768551,0.579334524483145,-0.40889693975787683
120404,JUNIN,JAUJA,ATAURA,False,False,True,False,1264.0,253.389830508475,214.23728813559322,214.23728813559322,1.182753164556964,26.95,21.93331,0.55587010899333,0.1577677575029137
120407,JUNIN,JAUJA,EL MANTARO,False,False,True,False,2598.0,162.556306306306,146.28378378378378,146.28378378378378,1.111239414934563,25.86,24.70769,0.540670623001362,0.28510869105574
120430,JUNIN,JAUJA,SAUSA,False,False,True,False,3060.0,675.777777777778,680.0,680.0,0.993790849673203,25.79,24.70769,0.54432154821404,0.31805530426385464
120434,JUNIN,JAUJA,YAUYOS,False,False,True,False,8992.0,451.41187925998,437.77994157740994,437.77994157740994,1.031138790035586,27.56,24.17415,0.5558879901194999,0.37156633965216695
120501,JUNIN,JUNIN,JUNIN,False,False,True,False,10976.0,13.387644263408,12.419099343742928,12.419099343742928,1.077988338192419,26.85,22.178845,0.488132082294227,-0.43010369916024555
120701,JUNIN,TARMA,TARMA,False,False,True,False,47775.0,119.147733449288,103.86998586802913,103.86998586802913,1.1470852956567246,27.62,14.537614,0.549326034763295,-0.606378075735531
120801,JUNIN,YAULI,LA OROYA,False,False,True,False,14021.0,46.1124555893105,36.097523299521136,36.097523299521136,1.2774409813850642,27.55,12.5755,0.621171121778423,-0.14509898044689437
120803,JUNIN,YAULI,HUAY-HUAY,False,False,True,False,1947.0,7.7636990107813695,10.820273424474825,10.820273424474825,0.7175141242937851,26.07,13.6195,0.632548650412604,0.057106786787447086
120805,JUNIN,YAULI,MOROCOCHA,False,False,True,False,5155.0,18.2406745210223,19.403771596341326,19.403771596341326,0.940058195926284,29.99,14.238628,0.727764014102057,0.975373977620686
120808,JUNIN,YAULI,SANTA ROSA DE SACCO,False,False,True,False,8977.0,87.0907112474033,88.80205757246019,88.80205757246019,0.9807285284616242,28.16,12.5755,0.6321460491366399,-0.046059239670310136
120810,JUNIN,YAULI,YAULI,False,False,True,False,5341.0,8.77027536778574,12.591946435307431,12.591946435307431,0.6964987829994381,35.93,4.271369,0.7045048858113409,-0.18477923516828476
120901,JUNIN,CHUPACA,CHUPACA,False,False,True,False,20341.0,1397.83410138249,937.3732718894009,937.3732718894009,1.4912246202251627,26.96,14.533798,0.5484926229087,-0.6142627457404539
130101,LA LIBERTAD,TRUJILLO,TRUJILLO,False,False,True,False,314939.0,10084.4512195122,8001.498983739838,8001.498983739838,1.2603202524933406,47.77,4.989521,0.715115519183945,-0.020559769175782564
130105,LA LIBERTAD,TRUJILLO,LA ESPERANZA,False,False,True,False,189206.0,12278.4565916399,12167.5884244373,12167.5884244373,1.0091117617834553,25.65,19.245626,0.596157415461107,0.26508930315465895
130107,LA LIBERTAD,TRUJILLO,MOCHE,False,False,True,False,37436.0,1726.81188118812,1482.6138613861385,1482.6138613861385,1.1647077679239244,27.49,13.2825,0.618325375347301,-0.10337554291977874
130111,LA LIBERTAD,TRUJILLO,VICTOR LARCO HERRERA,False,False,True,False,68506.0,4348.72364039956,3801.6648168701445,3801.6648168701445,1.1438998043966961,45.9,6.118822,0.753164112460434,0.43046296408772144
130203,LA LIBERTAD,ASCOPE,CHOCOPE,False,False,True,False,9321.0,131.630627807375,97.36759636477593,97.36759636477593,1.3518935736508966,26.68,15.119381,0.613755240273678,0.030507300529266076
130207,LA LIBERTAD,ASCOPE,SANTIAGO DE CAO,False,False,True,False,19204.0,134.519572953737,124.257521837593,124.257521837593,1.082586961049784,25.07,23.065831,0.617580772129479,0.8226283015997997
130208,LA LIBERTAD,ASCOPE,CASA GRANDE,False,False,True,False,28492.0,44.5404304828389,41.43688190808609,41.43688190808609,1.0748982170433816,25.62,12.468796,0.61885108482907,-0.17620836258275727
130701,LA LIBERTAD,PACASMAYO,SAN PEDRO DE LLOC,False,False,True,False,17637.0,27.718397153555905,25.303797649961982,25.303797649961982,1.095424391903385,27.47,21.034851,0.613851753855395,0.5953473769363464
130704,LA LIBERTAD,PACASMAYO,PACASMAYO,False,False,True,False,28959.0,1067.28274967575,939.0077821011673,939.0077821011673,1.1366069270347778,29.13,11.573225,0.5968586479601469,-0.4600540674958349
140101,LAMBAYEQUE,CHICLAYO,CHICLAYO,False,False,True,False,270496.0,6934.91559086395,5372.313803376365,5372.313803376365,1.2908619720809176,38.98,7.491534,0.633675858244332,-0.5169491501308621
140104,LAMBAYEQUE,CHICLAYO,ETEN PUERTO,False,False,True,False,2342.0,186.740331491713,161.7403314917127,161.7403314917127,1.1545687446626833,34.81,8.79655,0.6176842578070318,-0.5368426367382063
140106,LAMBAYEQUE,CHICLAYO,LA VICTORIA,False,False,True,False,90912.0,3336.27384196185,3096.457765667575,3096.457765667575,1.0774485216473062,28.13,11.043383,0.5698121065713129,-0.7546410569548236
140112,LAMBAYEQUE,CHICLAYO,PIMENTEL,False,False,True,False,44602.0,485.54035773335306,670.4043288741921,670.4043288741921,0.7242500336307784,30.96,10.716871,0.582874900209372,-0.6678890344370886
140201,LAMBAYEQUE,FERREÑAFE,FERREÑAFE,False,False,True,False,34229.0,641.09038275973,550.4824702476681,550.4824702476681,1.1645972713196415,29.51,15.518673,0.5110846256157149,-0.8579432980318624
140301,LAMBAYEQUE,LAMBAYEQUE,LAMBAYEQUE,False,False,True,False,71425.0,245.209082937744,215.96166056904423,215.96166056904423,1.135428771438573,28.2,14.11125,0.5539280527450419,-0.6054973223974419
150716,LIMA,HUAROCHIRI,SAN ANTONIO,False,True,False,False,912.0,78.0549690377757,1.618197625933746,1.618197625933746,48.2357456140351,6.99,18.9465,0.3755896560439069,-1.753872354915354
150808,LIMA,HUAURA,PACCHO,False,False,False,True,1516.0,6.86586695747001,6.612868047982552,6.612868047982552,1.038258575197889,5.02,25.10339,0.164058433094661,-3.075782965564124
151002,LIMA,YAUYOS,ALIS,False,True,False,False,1534.0,2.95649725468112,10.798254258763903,10.798254258763903,0.27379400260756187,35.54,15.10272,0.646897391322081,0.32799967348203257
151025,LIMA,YAUYOS,QUINOCAY,False,False,False,True,428.0,4.29047214784823,2.7950107751583624,2.7950107751583624,1.5350467289719611,7.37,15.10272,0.2701484733661719,-3.071851091295547
151029,LIMA,YAUYOS,TAURIPAMPA,False,False,False,True,499.0,1.4806163583619,0.939984176619071,0.939984176619071,1.5751503006011989,13.67,11.93167,0.2557152820770399,-3.504420421938399
160101,LORETO,MAYNAS,IQUITOS,False,False,True,False,146853.0,487.284657266508,410.03210945134725,410.03210945134725,1.1884060931679967,33.64,8.626166,0.6598204400488459,-0.1728421347678999
160804,LORETO,PUTUMAYO,YAGUAS,False,False,False,True,1277.0,0.0815231802277233,0.0720450526995174,0.0720450526995174,1.1315583398590447,9.81,60.889179,0.472306160137942,3.117646394636449
170101,MADRE DE DIOS,TAMBOPATA,TAMBOPATA,False,False,True,False,81925.0,5.06135411115752,3.687232655941699,3.687232655941699,1.3726701251144344,27.33,4.787605,0.633163973578539,-0.7793556924043114
180101,MOQUEGUA,MARISCAL NIETO,MOQUEGUA,False,False,True,False,65808.0,17.5366671393554,16.664303223061808,16.664303223061808,1.0523492584488217,39.19,7.023362,0.701939379639895,0.05443869839328166
180104,MOQUEGUA,MARISCAL NIETO,SAMEGUA,False,False,True,False,8480.0,160.223820943245,135.57154276578737,135.57154276578737,1.1818396226415064,39.08,5.229743,0.726691131841798,0.1068029517254529
180106,MOQUEGUA,MARISCAL NIETO,TORATA,False,False,True,False,6198.0,4.91253896295801,3.4560631659947476,3.4560631659947476,1.4214262665375936,41.17,6.052455,0.743778319598838,0.33943656455513094
180201,MOQUEGUA,GENERAL SANCHEZ CERRO,OMATE,False,False,True,False,3158.0,11.2152888605171,12.599744653686564,12.599744653686564,0.8901203293223577,35.37,7.46908,0.6170703789222949,-0.6689407356134349
180209,MOQUEGUA,GENERAL SANCHEZ CERRO,QUINISTAQUILLAS,False,False,True,False,518.0,2.88456576706744,2.6729965426492597,2.6729965426492597,1.0791505791505775,27.83,10.066104,0.600810018002976,-0.5680820979441421
180301,MOQUEGUA,ILO,ILO,False,False,True,False,66479.0,263.794795438395,224.9636222124463,224.9636222124463,1.1726108996826081,34.85,6.166155,0.683156965418919,-0.19678163095356135
180302,MOQUEGUA,ILO,EL ALGARROBAL,False,True,False,False,3717.0,2.38420348058902,4.975903614457831,4.975903614457831,0.4791498520312074,21.75,8.885689,0.6517746110814149,-0.22070675328295586
180303,MOQUEGUA,ILO,PACOCHA,False,False,True,False,4453.0,17.3035967818268,13.171438712730716,13.171438712730716,1.3137210869077036,55.76,1.030027,0.767960750319566,0.07883494222820775
190101,PASCO,PASCO,CHAUPIMARCA,False,False,True,False,25627.0,5233.63363363363,3847.897897897898,3847.897897897898,1.3601279900105347,32.83,24.613999,0.58052535988934,0.6358327729382459
190103,PASCO,PASCO,HUARIACA,False,False,True,False,6925.0,59.292101901255,52.04027955211543,52.04027955211543,1.1393501805054156,26.36,37.810039,0.4981285444456169,1.150353076659289
190104,PASCO,PASCO,HUAYLLAY,False,False,True,False,9577.0,8.35256653714687,9.326399641629418,9.326399641629418,0.8955831680066834,30.0,22.799318,0.6322308583295408,0.9294245260015239
190108,PASCO,PASCO,SAN FRANCISCO DE ASIS DE YARUSYACAN,False,False,True,False,4459.0,60.2548853016143,37.88445199660153,37.88445199660153,1.5904911415115506,25.97,46.581661,0.572005963358034,2.6533053026061793
190109,PASCO,PASCO,SIMON BOLIVAR,False,False,True,False,12663.0,21.0284730689235,18.163953238184035,18.163953238184035,1.1577035457632487,32.33,26.906065,0.607204372574035,1.0951100405731649
190111,PASCO,PASCO,TINYAHUARCO,False,False,True,False,6755.0,78.3892475394222,71.48904645994286,71.48904645994286,1.0965210954848266,35.16,19.343028,0.630841139265334,0.587367648154854
190113,PASCO,PASCO,YANACANCHA,False,False,True,False,29192.0,177.627036521107,176.8033432257283,176.8033432257283,1.0046588106330494,37.93,18.662036,0.619342160445824,0.4186743516031953
190206,PASCO,DANIEL ALCIDES CARRION,SANTA ANA DE TUSI,False,True,False,False,21217.0,19.8380108181586,60.08609215258701,60.08609215258701,0.3301597775368801,13.63,72.150849,0.294734456663033,2.588872216219245
190301,PASCO,OXAPAMPA,OXAPAMPA,False,False,True,False,15677.0,44.5468619745147,37.33952602119805,37.33952602119805,1.1930216240352105,28.78,21.28484,0.534194488270169,-0.09966082401457399
200101,PIURA,PIURA,PIURA,False,False,True,False,158495.0,1098.53683405557,808.0295692072393,808.0295692072393,1.3595255370831891,43.23,9.786115,0.658204022379417,-0.07684175595088572
200104,PIURA,PIURA,CASTILLA,False,False,True,False,160201.0,251.893587537499,243.952245351688,243.952245351688,1.0325528554753105,30.88,16.25051,0.622081298724793,0.2134827509934456
200115,PIURA,PIURA,VEINTISEIS DE OCTUBRE,False,False,True,False,165779.0,1812.41494236912,2302.16636578253,2302.16636578253,0.7872649732475182,29.6,16.25051,0.5997462042553469,0.011926795835498919
200601,PIURA,SULLANA,SULLANA,False,False,True,False,169335.0,365.448435995696,319.66284711079226,319.66284711079226,1.1432308737118733,25.61,19.42544,0.565700069631214,0.007379782705891206
200701,PIURA,TALARA,PARIÑAS,False,False,True,False,98309.0,96.2407899802147,88.01242625269698,88.01242625269698,1.093490931654274,27.09,15.54041,0.5901150530410089,-0.14268598336447083
200703,PIURA,TALARA,LA BREA,False,False,True,False,12486.0,20.390787347033,18.018356037866543,18.018356037866543,1.1316674675636704,28.4,15.54041,0.587664739911619,-0.16479805474638587
200704,PIURA,TALARA,LOBITOS,False,False,True,False,1312.0,6.59628342131239,5.630659628342132,5.630659628342132,1.1714939024390243,27.49,8.565665,0.592187261476462,-0.7889442851754724
210101,PUNO,PUNO,PUNO,False,False,True,False,135288.0,316.612031348371,293.70210364066605,293.70210364066605,1.0780039619182789,45.76,12.829234,0.648890196056748,0.12923348170016324
210310,PUNO,CARABAYA,USICAYOS,False,True,False,False,8992.0,5.5819514315881,13.961865722625925,13.961865722625925,0.3997998220640569,2.97,48.14547,0.198206254444315,-0.5708408299307118
210405,PUNO,CHUCUITO,PISACOMA,False,True,False,False,8223.0,2.94056330393812,8.571517918569016,8.571517918569016,0.343062142770278,5.87,47.907451,0.2696974815108579,0.05161675000122131
210801,PUNO,MELGAR,AYAVIRI,False,False,True,False,24452.0,27.5342006040626,24.134867836626725,24.134867836626725,1.1408473744478973,26.55,32.781609,0.532461327945767,0.9807778654050039
211002,PUNO,SAN ANTONIO DE PUTINA,ANANEA,False,True,False,False,12615.0,5.26203754949125,13.42649750947252,13.42649750947252,0.3919143876337692,12.5,15.526519,0.6184115616858868,0.11134251741502903
211101,PUNO,SAN ROMAN,JULIACA,False,False,True,False,228726.0,518.457357075914,428.72727272727275,428.72727272727275,1.2092940898717248,31.9,21.666747,0.5759734352119,0.3137702448541752
211105,PUNO,SAN ROMAN,SAN MIGUEL,False,True,False,False,62463.0,234.35960591133,512.832512315271,512.832512315271,0.45699053839873194,23.22,24.372846,0.522567996747131,0.08982393932403406
220503,SAN MARTIN,LAMAS,BARRANQUITA,False,False,False,True,6429.0,7.200127685143461,6.035939612438035,6.035939612438035,1.1928760304868569,4.63,14.9795,0.272188236128436,-3.065191450327064
220901,SAN MARTIN,SAN MARTIN,TARAPOTO,False,False,True,False,76122.0,1340.36277835128,1122.5777908863,1122.5777908863,1.19400436141983,36.81,6.9122,0.672935430319677,-0.2178961795109921
220910,SAN MARTIN,SAN MARTIN,MORALES,False,False,True,False,33067.0,716.716010020497,753.0630835800501,753.0630835800501,0.951734357516558,32.95,6.439383,0.6574135384298289,-0.40304598575341893
230101,TACNA,TACNA,TACNA,False,False,True,False,92972.0,69.7445920182343,49.511657382653986,49.511657382653986,1.408649916103773,44.7,7.691274,0.6966125262955098,0.07004560381377983
230102,TACNA,TACNA,ALTO DE LA ALIANZA,False,False,True,False,34061.0,104.356488960689,91.70974690360798,91.70974690360798,1.1378996506268135,29.93,15.074157,0.6032564872134049,-0.06854692279718197
230103,TACNA,TACNA,CALANA,False,False,True,False,2979.0,40.9761948699022,27.48662114781325,27.48662114781325,1.4907687143336692,32.13,7.304348,0.5641024368795589,-1.1626382998367373
230107,TACNA,TACNA,PALCA,False,False,True,False,1980.0,1.38518612556952,1.3964707375904533,1.3964707375904533,0.9919191919191916,27.39,34.195333,0.520059787592911,1.0036457380828252
230108,TACNA,TACNA,POCOLLAY,False,False,True,False,18627.0,67.2162619988707,70.11857707509883,70.11857707509883,0.9586084715735224,34.01,13.404542,0.645953766013973,0.15758332100239814
230110,TACNA,TACNA,CORONEL GREGORIO ALBARRACIN LANCHIPA,False,False,True,False,110417.0,555.837860871418,588.1378502183871,588.1378502183871,0.9450809205104288,26.31,18.736677,0.5789680719290499,0.061447357120997345
230204,TACNA,CANDARAVE,CURIBAYA,False,False,True,False,377.0,3.1107260985982,2.968971491573476,2.968971491573476,1.0477453580901843,31.61,16.581602,0.573942024714258,-0.18936916260698186
230302,TACNA,JORGE BASADRE,ILABAYA,False,False,True,False,5695.0,4.31531685546928,5.124213822330595,5.124213822330595,0.8421422300263394,45.08,5.539457,0.7366145522948488,0.22588121842600362
240101,TUMBES,TUMBES,TUMBES,False,False,True,False,102306.0,724.712280257999,646.9330972555964,646.9330972555964,1.1202275526362087,28.2,8.706752,0.602511104363448,-0.6823290957028416
250101,UCAYALI,CORONEL PORTILLO,CALLERIA,False,False,True,False,149999.0,18.120798328343895,14.305496876135507,14.305496876135507,1.2667017780118557,25.61,6.229848,0.5634769861561199,-1.270723169457557
250401,UCAYALI,PURUS,PURUS,True,False,True,False,29381884.0,0.2799791122247269,1646.250509867905,0.31891957310048996,0.8778988053408276,26.33,31.928338,0.348423801441106,-0.7613594060479193
